classification,drawdown
Extreme Greed,-1112.803228
Fear,-2496.1293635625
Greed,0.0
Neutral,-3917.4709601249997
