classification,closed_pnl
Extreme Greed,35393.0983548
Fear,209372.6622054375
Greed,99675.5167305
Neutral,19842.79725975
