classification,closed_pnl
Extreme Greed,2606.8947559999997
Fear,956303.14534775
Greed,273601.36229300004
Neutral,62586.1816
